Период,Контрагент,ТМ,Стоимость,Валовый Доход,Тип,Количество
2022-11-01,Вайлдберриз,Thomas Munz,1990580.9039989,1234264.15291583,План,0
2022-11-01,Вайлдберриз,Salamander,650852.745301871,422424.569717609,План,0
2022-11-02,Вайлдберриз,Thomas Munz,1778370.37223072,1102682.5368627,План,0
2022-11-02,Вайлдберриз,Salamander,581467.066525476,377391.010724033,План,0
2022-11-03,Вайлдберриз,Thomas Munz,1690837.52029571,1048407.59574936,План,0
2022-11-03,Вайлдберриз,Salamander,552846.779416544,358815.514877307,План,0
2022-11-04,Вайлдберриз,Thomas Munz,1679037.76679814,1041091.13213513,План,0
2022-11-04,Вайлдберриз,Salamander,548988.658431687,356311.469056327,План,0
2022-11-05,Вайлдберриз,Thomas Munz,1732188.701062,1074047.48810342,План,0
2022-11-05,Вайлдберриз,Salamander,566367.219338955,367590.719495931,План,0
2022-11-06,Вайлдберриз,Thomas Munz,1922493.37085467,1192046.32532009,План,0
2022-11-06,Вайлдберриз,Salamander,628590.420882536,407975.598146644,План,0
2022-11-07,Вайлдберриз,Thomas Munz,2009833.26060108,1246201.61979572,План,0
2022-11-07,Вайлдберриз,Salamander,657147.615871003,426510.145158119,План,0
2022-11-08,Вайлдберриз,Thomas Munz,1958467.8076138,1214352.35549648,План,0
2022-11-08,Вайлдберриз,Salamander,640352.847055887,415609.794746381,План,0
2022-11-09,Вайлдберриз,Thomas Munz,1749680.76757455,1084893.48316621,План,0
2022-11-09,Вайлдберриз,Salamander,572086.534483506,371302.740773334,План,0
2022-11-10,Вайлдберриз,Thomas Munz,1663560.04156991,1031494.13390235,План,0
2022-11-10,Вайлдберриз,Salamander,543927.964874553,353026.914579486,План,0
2022-11-11,Вайлдберриз,Thomas Munz,3303901.2957835,2048591.40664196,План,0
2022-11-11,Вайлдберриз,Salamander,1080264.1702466,701126.530681098,План,0
2022-11-12,Вайлдберриз,Thomas Munz,3408488.24674966,2113440.78009921,План,0
2022-11-12,Вайлдберриз,Salamander,1114460.57192127,723321.105978793,План,0
2022-11-13,Вайлдберриз,Thomas Munz,3782957.39661319,2345631.21612767,План,0
2022-11-13,Вайлдберриз,Salamander,1236899.34028779,802787.843143729,План,0
2022-11-14,Вайлдберриз,Thomas Munz,1977409.57508998,1226097.24089237,План,0
2022-11-14,Вайлдберриз,Salamander,646546.1654676,419629.459538574,План,0
2022-11-15,Вайлдберриз,Thomas Munz,1859940.96207904,1153260.56400027,План,0
2022-11-15,Вайлдберриз,Salamander,608137.895242871,394701.244761276,План,0
2022-11-16,Вайлдберриз,Thomas Munz,1661657.60678948,1030314.524951,План,0
2022-11-16,Вайлдберриз,Salamander,543305.932935477,352623.195649035,План,0
2022-11-17,Вайлдберриз,Thomas Munz,1579869.4531332,979601.596886471,План,0
2022-11-17,Вайлдберриз,Salamander,516563.968198739,335266.792024924,План,0
2022-11-18,Вайлдберриз,Thomas Munz,1882612.92755613,1167318.36703068,План,0
2022-11-18,Вайлдберриз,Salamander,615550.862453853,399512.501235239,План,0
2022-11-19,Вайлдберриз,Thomas Munz,1942208.15402184,1204270.52082848,План,0
2022-11-19,Вайлдберриз,Salamander,635036.489324971,412159.305917444,План,0
2022-11-20,Вайлдберриз,Thomas Munz,2155586.3392006,1336576.14299701,План,0
2022-11-20,Вайлдберриз,Salamander,704803.951341779,457440.654633382,План,0
2022-11-21,Вайлдберриз,Thomas Munz,2253515.76567293,1397297.50346399,План,0
2022-11-21,Вайлдберриз,Salamander,736823.567292736,478222.425300006,План,0
2022-11-22,Вайлдберриз,Thomas Munz,1849654.91004111,1146882.67437019,План,0
2022-11-22,Вайлдберриз,Salamander,604774.703526445,392518.424109533,План,0
2022-11-23,Вайлдберриз,Thomas Munz,1652468.12338053,1024616.56515811,План,0
2022-11-23,Вайлдберриз,Salamander,540301.282136,350673.079696875,План,0
2022-11-24,Вайлдберриз,Thomas Munz,1571132.28365342,974184.095359568,План,0
2022-11-24,Вайлдберриз,Salamander,513707.2087821,333412.662383355,План,0
2022-11-25,Вайлдберриз,Thomas Munz,1560167.91041433,967385.611147744,План,0
2022-11-25,Вайлдберриз,Salamander,510122.228935846,331085.894032247,План,0
2022-11-26,Вайлдберриз,Thomas Munz,1609555.94902001,998008.7752258,План,0
2022-11-26,Вайлдберриз,Salamander,526270.450013925,341566.613964447,План,0
2022-11-27,Вайлдберриз,Thomas Munz,1786387.7302245,1107653.71766371,План,0
2022-11-27,Вайлдберриз,Salamander,584088.471890028,379092.387942105,План,0
2022-11-28,Вайлдберриз,Thomas Munz,1867544.2687944,1157975.01137769,План,0
2022-11-28,Вайлдберриз,Salamander,610623.919819478,396314.755451153,План,0
2022-11-29,Вайлдберриз,Thomas Munz,2318119.57333304,1437355.2392619,План,0
2022-11-29,Вайлдберриз,Salamander,757946.831103851,491932.109542489,План,0
2022-11-30,Вайлдберриз,Thomas Munz,2070991.01584964,1284122.62306891,План,0
2022-11-30,Вайлдберриз,Salamander,677144.136896628,439488.536739123,План,0
2022-11-01,Ламода,Thomas Munz,3139157.0643155,1987977.4291241,План,0
2022-11-01,Ламода,ПТМ,364398.266142456,222282.942346898,План,0
2022-11-01,Ламода,Salamander,995377.340774446,624133.942808635,План,0
2022-11-02,Ламода,Thomas Munz,3011302.84306788,1907009.41737731,План,0
2022-11-02,Ламода,ПТМ,349556.747993767,213229.616276198,План,0
2022-11-02,Ламода,Salamander,954836.777768246,598713.692219994,План,0
2022-11-03,Ламода,Thomas Munz,2805689.97551767,1776798.11177753,План,0
2022-11-03,Ламода,ПТМ,325688.884456899,198670.219518708,План,0
2022-11-03,Ламода,Salamander,889640.170800837,557833.300736846,План,0
2022-11-04,Ламода,Thomas Munz,2954059.03267161,1870757.83751262,План,0
2022-11-04,Ламода,ПТМ,342911.796872044,209176.196091947,План,0
2022-11-04,Ламода,Salamander,936685.665670113,587332.355016402,План,0
2022-11-05,Ламода,Thomas Munz,3221193.12342984,2039929.5393729,План,0
2022-11-05,Ламода,ПТМ,373921.140305793,228091.895586534,План,0
2022-11-05,Ламода,Salamander,1021389.68507448,640444.528095861,План,0
2022-11-06,Ламода,Thomas Munz,3186381.1382189,2017883.67182168,План,0
2022-11-06,Ламода,ПТМ,369880.110566935,225626.86744583,План,0
2022-11-06,Ламода,Salamander,1010351.35199448,633523.134504668,План,0
2022-11-07,Ламода,Thomas Munz,3021271.58998313,1913322.46366909,План,0
2022-11-07,Ламода,ПТМ,350713.93574102,213935.500802022,План,0
2022-11-07,Ламода,Salamander,957997.710653112,600695.699870329,План,0
2022-11-08,Ламода,Thomas Munz,3532443.14562063,2237039.14754237,План,0
2022-11-08,Ламода,ПТМ,410051.530120441,250131.433373469,План,0
2022-11-08,Ламода,Salamander,1120082.17259797,702327.925316564,План,0
2022-11-09,Ламода,Thomas Munz,3388570.83906458,2145927.14127777,План,0
2022-11-09,Ламода,ПТМ,393350.607554028,239943.870607957,План,0
2022-11-09,Ламода,Salamander,1074462.52663035,673722.924638975,План,0
2022-11-10,Ламода,Thomas Munz,3157197.97375446,1999402.44546789,План,0
2022-11-10,Ламода,ПТМ,366492.483151832,223560.414722617,План,0
2022-11-10,Ламода,Salamander,1001097.82945806,627720.875131325,План,0
2022-11-11,Ламода,Thomas Munz,6648310.59289156,4210267.63863344,План,0
2022-11-11,Ламода,ПТМ,771746.301058202,470765.243645503,План,0
2022-11-11,Ламода,Salamander,2108074.74204479,1321831.37649489,План,0
2022-11-12,Ламода,Thomas Munz,7249514.01694914,4591000.04954872,План,0
2022-11-12,Ламода,ПТМ,841534.935662013,513336.310753828,План,0
2022-11-12,Ламода,Salamander,2298706.89368369,1441363.93119009,План,0
2022-11-13,Ламода,Thomas Munz,7171167.27862137,4541384.3265218,План,0
2022-11-13,Ламода,ПТМ,832440.32363094,507788.597414873,План,0
2022-11-13,Ламода,Salamander,2273864.37498925,1425786.86457735,План,0
2022-11-14,Ламода,Thomas Munz,3399788.51023863,2153031.11111568,План,0
2022-11-14,Ламода,ПТМ,394652.772384341,240738.191154448,План,0
2022-11-14,Ламода,Salamander,1078019.47375792,675953.2460901,План,0
2022-11-15,Ламода,Thomas Munz,3094977.82485422,1959999.43086359,План,0
2022-11-15,Ламода,ПТМ,359269.87086648,219154.621228553,План,0
2022-11-15,Ламода,Salamander,981368.798674946,615350.131629289,План,0
2022-11-16,Ламода,Thomas Munz,2968922.97271777,1880170.93049084,План,0
2022-11-16,Ламода,ПТМ,344637.226300993,210228.708043606,План,0
2022-11-16,Ламода,Salamander,941398.787318202,590287.635468004,План,0
2022-11-17,Ламода,Thomas Munz,2766203.81832867,1751792.16666351,План,0
2022-11-17,Ламода,ПТМ,321105.269517761,195874.214405834,План,0
2022-11-17,Ламода,Salamander,877119.731289553,549982.578244214,План,0
2022-11-18,Ламода,Thomas Munz,2912484.78878598,1844429.54084437,План,0
2022-11-18,Ламода,ПТМ,338085.793560416,206232.334071853,План,0
2022-11-18,Ламода,Salamander,923503.126703204,579066.474646607,План,0
2022-11-19,Ламода,Thomas Munz,3175859.34132357,2011220.38791674,План,0
2022-11-19,Ламода,ПТМ,368658.723912236,224881.821586464,План,0
2022-11-19,Ламода,Salamander,1007015.05565783,631431.168270687,План,0
2022-11-20,Ламода,Thomas Munz,3141537.28605218,1989484.78507727,План,0
2022-11-20,Ламода,ПТМ,364674.56600771,222451.485264703,План,0
2022-11-20,Ламода,Salamander,996132.071657346,624607.183601254,План,0
2022-11-21,Ламода,Thomas Munz,2978751.42348088,1886395.12949713,План,0
2022-11-21,Ламода,ПТМ,345778.128251283,210924.658233283,План,0
2022-11-21,Ламода,Salamander,944515.234499429,592241.749136354,План,0
2022-11-22,Ламода,Thomas Munz,2892041.15355647,1831482.91709384,План,0
2022-11-22,Ламода,ПТМ,335712.664379984,204784.72527179,План,0
2022-11-22,Ламода,Salamander,917020.771455091,575001.827227023,План,0
2022-11-23,Ламода,Thomas Munz,2774251.67634066,1756888.7450611,План,0
2022-11-23,Ламода,ПТМ,322039.477474115,196444.08125921,План,0
2022-11-23,Ламода,Salamander,879671.580509832,551582.670641401,План,0
2022-11-24,Ламода,Thomas Munz,3101789.6997469,1964313.28112951,План,0
2022-11-24,Ламода,ПТМ,360060.603967505,219636.968420178,План,0
2022-11-24,Ламода,Salamander,983528.737084349,616704.483210807,План,0
2022-11-25,Ламода,Thomas Munz,3265816.95053264,2068189.08780069,План,0
2022-11-25,Ламода,ПТМ,379101.144011165,231251.697846811,План,0
2022-11-25,Ламода,Salamander,1035539.19892381,649316.733143986,План,0
2022-11-26,Ламода,Thomas Munz,2967619.29576899,1879345.33295113,План,0
2022-11-26,Ламода,ПТМ,344485.893439969,210136.394998381,План,0
2022-11-26,Ламода,Salamander,940985.411858509,590028.435619916,План,0
2022-11-27,Ламода,Thomas Munz,2935547.72629848,1859034.92639367,План,0
2022-11-27,Ламода,ПТМ,340762.975450178,207865.415024608,План,0
2022-11-27,Ламода,Salamander,930816.021515824,583651.897365989,План,0
2022-11-28,Ламода,Thomas Munz,2783435.67884122,1762704.82539924,План,0
2022-11-28,Ламода,ПТМ,323105.570861251,197094.398225363,План,0
2022-11-28,Ламода,Salamander,882583.683281172,553408.653723481,План,0
2022-11-29,Ламода,Thomas Munz,3804081.40315856,2409063.26542121,План,0
2022-11-29,Ламода,ПТМ,441583.724284916,269366.071813799,План,0
2022-11-29,Ламода,Salamander,1206214.39245862,756335.62649917,План,0
2022-11-30,Ламода,Thomas Munz,3649145.58586794,2310944.91663326,План,0
2022-11-30,Ламода,ПТМ,423598.532073331,258395.104564732,План,0
2022-11-30,Ламода,Salamander,1157086.68121455,725530.954879795,План,0
2022-11-01,ОЗОН,Thomas Munz,406370.099875443,247885.771665649,План,0
2022-11-01,ОЗОН,Salamander,4917.05744645833,3083.15307176673,План,0
2022-11-02,ОЗОН,Thomas Munz,380547.658052961,232134.081471368,План,0
2022-11-02,ОЗОН,Salamander,4604.6072197121,2887.23673626393,План,0
2022-11-03,ОЗОН,Thomas Munz,356960.123967299,217745.685055621,План,0
2022-11-03,ОЗОН,Salamander,4319.19926239672,2708.27677293517,План,0
2022-11-04,ОЗОН,Thomas Munz,368680.808422377,224895.302883033,План,0
2022-11-04,ОЗОН,Salamander,4461.01894547649,2797.20227284759,План,0
2022-11-05,ОЗОН,Thomas Munz,395043.416091751,240976.494258198,План,0
2022-11-05,ОЗОН,Salamander,4780.00515137227,2997.21687736826,План,0
2022-11-06,ОЗОН,Thomas Munz,405552.338409157,247386.937149599,План,0
2022-11-06,ОЗОН,Salamander,4907.16257449688,3076.94866898826,План,0
2022-11-07,ОЗОН,Thomas Munz,397755.830682626,242631.067230329,План,0
2022-11-07,ОЗОН,Salamander,4812.82522934068,3017.79612121598,План,0
2022-11-08,ОЗОН,Thomas Munz,437517.262261811,266885.54154465,План,0
2022-11-08,ОЗОН,Salamander,5293.93651997993,3319.46836518468,План,0
2022-11-09,ОЗОН,Thomas Munz,409715.60053879,249926.527158723,План,0
2022-11-09,ОЗОН,Salamander,4957.53783355838,3108.53557567132,План,0
2022-11-10,ОЗОН,Thomas Munz,384320.146149234,234435.299309813,План,0
2022-11-10,ОЗОН,Salamander,4650.25413293514,2915.85881811934,План,0
2022-11-11,ОЗОН,Thomas Munz,793878.378349544,484265.831777904,План,0
2022-11-11,ОЗОН,Salamander,9605.88781763808,6023.20043125175,План,0
2022-11-12,ОЗОН,Thomas Munz,850644.837974021,518893.373649349,План,0
2022-11-12,ОЗОН,Salamander,10292.759078814,6453.89079065116,План,0
2022-11-13,ОЗОН,Thomas Munz,873273.64320867,532696.945440635,План,0
2022-11-13,ОЗОН,Salamander,10566.5664660149,6625.57682363194,План,0
2022-11-14,ОЗОН,Thomas Munz,428242.732775555,261228.078312879,План,0
2022-11-14,ОЗОН,Salamander,5181.71518704532,3249.10198221628,План,0
2022-11-15,ОЗОН,Thomas Munz,393445.572269234,240001.809484226,План,0
2022-11-15,ОЗОН,Salamander,4760.67132275595,2985.0939453634,План,0
2022-11-16,ОЗОН,Thomas Munz,368444.408543483,224751.09895066,План,0
2022-11-16,ОЗОН,Salamander,4458.15851901989,2795.40869351437,План,0
2022-11-17,ОЗОН,Thomas Munz,345607.071717772,210820.322883314,План,0
2022-11-17,ОЗОН,Salamander,4181.82791022126,2622.14051948595,План,0
2022-11-18,ОЗОН,Thomas Munz,356954.981921374,217742.548407472,План,0
2022-11-18,ОЗОН,Salamander,4319.13704390374,2708.23775994014,План,0
2022-11-19,ОЗОН,Thomas Munz,382479.13161685,233312.280396395,План,0
2022-11-19,ОЗОН,Salamander,4627.97795115338,2901.89093610138,План,0
2022-11-20,ОЗОН,Thomas Munz,392653.819558634,239518.840309832,План,0
2022-11-20,ОЗОН,Salamander,4751.09115540949,2979.08687249433,План,0
2022-11-21,ОЗОН,Thomas Munz,385105.278351723,234914.229974085,План,0
2022-11-21,ОЗОН,Salamander,4659.75419247172,2921.81566081665,План,0
2022-11-22,ОЗОН,Thomas Munz,375487.928392674,229047.646244848,План,0
2022-11-22,ОЗОН,Salamander,4543.3847493315,2848.84827941337,План,0
2022-11-23,ОЗОН,Thomas Munz,351627.867849499,214493.008682815,План,0
2022-11-23,ОЗОН,Salamander,4254.679235804,2667.82064234367,План,0
2022-11-24,ОЗОН,Thomas Munz,395799.447375747,241437.673361419,План,0
2022-11-24,ОЗОН,Salamander,4789.15309128189,3002.95292974101,План,0
2022-11-25,ОЗОН,Thomas Munz,408795.410002123,249365.210907033,План,0
2022-11-25,ОЗОН,Salamander,4946.40357507856,3101.55403770726,План,0
2022-11-26,ОЗОН,Thomas Munz,438026.421665145,267196.128794143,План,0
2022-11-26,ОЗОН,Salamander,5300.09732274659,3323.33138655089,План,0
2022-11-27,ОЗОН,Thomas Munz,449678.775433727,274304.064900986,План,0
2022-11-27,ОЗОН,Salamander,5441.09020801086,3411.73845765658,План,0
2022-11-28,ОЗОН,Thomas Munz,367528.302192765,224192.274052506,План,0
2022-11-28,ОЗОН,Salamander,4447.0736789814,2788.45814250152,План,0
2022-11-29,ОЗОН,Thomas Munz,485850.325708145,296368.711524508,План,0
2022-11-29,ОЗОН,Salamander,5878.76411827465,3686.17406788804,План,0
2022-11-30,ОЗОН,Thomas Munz,454977.380641867,277536.21421801,План,0
2022-11-30,ОЗОН,Salamander,5505.20306031598,3451.93927688163,План,0
2022-11-01,ИМ,Thomas Munz,644643.171706066,383562.687165109,План,0
2022-11-01,ИМ,ПТМ,58603.9247005515,31353.099714795,План,0
2022-11-01,ИМ,Salamander,102556.868225965,61226.4503309012,План,0
2022-11-02,ИМ,Thomas Munz,628761.433092111,374113.052689806,План,0
2022-11-02,ИМ,ПТМ,57160.130281101,30580.6697003891,План,0
2022-11-02,ИМ,Salamander,100030.227991927,59718.0461111803,План,0
2022-11-03,ИМ,Thomas Munz,607166.304145095,361263.950966331,План,0
2022-11-03,ИМ,ПТМ,55196.9367404631,29530.3611561478,План,0
2022-11-03,ИМ,Salamander,96594.6392958105,57666.9996595989,План,0
2022-11-04,ИМ,Thomas Munz,584413.194630984,347725.850805436,План,0
2022-11-04,ИМ,ПТМ,53128.4722391804,28423.7326479615,План,0
2022-11-04,ИМ,Salamander,92974.8264185657,55505.9713718837,План,0
2022-11-05,ИМ,Thomas Munz,564834.624998526,336076.601874123,План,0
2022-11-05,ИМ,ПТМ,51348.6022725933,27471.5022158374,План,0
2022-11-05,ИМ,Salamander,89860.0539770382,53646.4522242918,План,0
2022-11-06,ИМ,Thomas Munz,559208.390103609,332728.992111647,План,0
2022-11-06,ИМ,ПТМ,50837.1263730554,27197.8626095846,План,0
2022-11-06,ИМ,Salamander,88964.9711528469,53112.0877782496,План,0
2022-11-07,ИМ,Thomas Munz,675009.246050856,401630.501400259,План,0
2022-11-07,ИМ,ПТМ,61364.4769137141,32829.9951488371,План,0
2022-11-07,ИМ,Salamander,107387.834599,64110.5372556028,План,0
2022-11-08,ИМ,Thomas Munz,756142.020863434,449904.502413743,План,0
2022-11-08,ИМ,ПТМ,68740.1837148576,36775.9982874488,План,0
2022-11-08,ИМ,Salamander,120295.321501001,71816.3069360975,План,0
2022-11-09,ИМ,Thomas Munz,737513.343080965,438820.439133174,План,0
2022-11-09,ИМ,ПТМ,67046.667552815,35869.967140756,План,0
2022-11-09,ИМ,Salamander,117331.668217426,70047.0059258035,План,0
2022-11-10,ИМ,Thomas Munz,712183.074865158,423748.929544769,План,0
2022-11-10,ИМ,ПТМ,64743.9158968325,34637.9950048054,План,0
2022-11-10,ИМ,Salamander,113301.852819457,67641.2061332158,План,0
2022-11-11,ИМ,Thomas Munz,1370989.07861857,815738.501778052,План,0
2022-11-11,ИМ,ПТМ,124635.370783507,66679.9233691761,План,0
2022-11-11,ИМ,Salamander,218111.898871137,130212.803626069,План,0
2022-11-12,ИМ,Thomas Munz,1325059.23756147,788410.246349077,План,0
2022-11-12,ИМ,ПТМ,120459.930687407,64446.0629177626,План,0
2022-11-12,ИМ,Salamander,210804.878702962,125850.512585668,План,0
2022-11-13,ИМ,Thomas Munz,1311860.51674966,780557.007466049,План,0
2022-11-13,ИМ,ПТМ,119260.046977242,63804.1251328244,План,0
2022-11-13,ИМ,Salamander,208705.082210173,124596.934079474,План,0
2022-11-14,ИМ,Thomas Munz,791760.275781098,471097.364089753,План,0
2022-11-14,ИМ,ПТМ,71978.2068891907,38508.340685717,План,0
2022-11-14,ИМ,Salamander,125961.862056084,75199.231647482,План,0
2022-11-15,ИМ,Thomas Munz,665212.139045402,395801.222732014,План,0
2022-11-15,ИМ,ПТМ,60473.8308223092,32353.4994899354,План,0
2022-11-15,ИМ,Salamander,105829.203939041,63180.0347516076,План,0
2022-11-16,ИМ,Thomas Munz,648823.653478744,386050.073819853,План,0
2022-11-16,ИМ,ПТМ,58983.9684980677,31556.4231464662,План,0
2022-11-16,ИМ,Salamander,103221.944871618,61623.5010883562,План,0
2022-11-17,ИМ,Thomas Munz,626539.477441033,372790.989077415,План,0
2022-11-17,ИМ,ПТМ,56958.1343128212,30472.6018573594,План,0
2022-11-17,ИМ,Salamander,99676.7350474371,59507.01082332,План,0
2022-11-18,ИМ,Thomas Munz,603060.372543732,358820.921663521,План,0
2022-11-18,ИМ,ПТМ,54823.6702312484,29330.6635737179,План,0
2022-11-18,ИМ,Salamander,95941.4229046847,57277.0294740968,План,0
2022-11-19,ИМ,Thomas Munz,582857.099234889,346799.974044759,План,0
2022-11-19,ИМ,ПТМ,52987.0090213536,28348.0498264242,План,0
2022-11-19,ИМ,Salamander,92727.2657873688,55358.1776750592,План,0
2022-11-20,ИМ,Thomas Munz,577051.345116197,343345.550344137,План,0
2022-11-20,ИМ,ПТМ,52459.2131923816,28065.6790579241,План,0
2022-11-20,ИМ,Salamander,91803.6230866677,54806.7629827406,План,0
2022-11-21,ИМ,Thomas Munz,696547.119629853,414445.536179763,План,0
2022-11-21,ИМ,ПТМ,63322.4654208957,33877.5190001792,План,0
2022-11-21,ИМ,Salamander,110814.314486568,66156.1457484808,План,0
2022-11-22,ИМ,Thomas Munz,700086.862260697,416551.683045115,План,0
2022-11-22,ИМ,ПТМ,63644.2602055179,34049.6792099521,План,0
2022-11-22,ИМ,Salamander,111377.455359656,66492.3408497148,План,0
2022-11-23,ИМ,Thomas Munz,682839.186272657,406289.315832231,План,0
2022-11-23,ИМ,ПТМ,62076.2896611507,33210.8149687156,План,0
2022-11-23,ИМ,Salamander,108633.506907014,64854.2036234872,План,0
2022-11-24,ИМ,Thomas Munz,659386.729583136,392335.104101966,План,0
2022-11-24,ИМ,ПТМ,59944.2481439215,32070.172756998,План,0
2022-11-24,ИМ,Salamander,104902.434251863,62626.753248362,План,0
2022-11-25,ИМ,Thomas Munz,634676.698133876,377632.635389656,План,0
2022-11-25,ИМ,ПТМ,57697.8816485342,30868.3666819658,План,0
2022-11-25,ИМ,Salamander,100971.292884935,60279.8618523061,План,0
2022-11-26,ИМ,Thomas Munz,613414.23855447,364981.47193991,План,0
2022-11-26,ИМ,ПТМ,55764.9307776791,29834.2379660583,План,0
2022-11-26,ИМ,Salamander,97588.6288609384,58260.4114299802,План,0
2022-11-27,ИМ,Thomas Munz,607304.109250689,361345.94500416,План,0
2022-11-27,ИМ,ПТМ,55209.4644773353,29537.0634953744,План,0
2022-11-27,ИМ,Salamander,96616.5628353368,57680.0880126961,План,0
2022-11-28,ИМ,Thomas Munz,733064.625215909,436173.452003466,План,0
2022-11-28,ИМ,ПТМ,66642.2386559917,35653.5976809555,План,0
2022-11-28,ИМ,Salamander,116623.917647985,69624.4788358473,План,0
2022-11-29,ИМ,Thomas Munz,860394.765212915,511934.885301685,План,0
2022-11-29,ИМ,ПТМ,78217.7059284468,41846.4726717191,План,0
2022-11-29,ИМ,Salamander,136880.985374782,81717.9482687448,План,0
2022-11-30,ИМ,Thomas Munz,839197.66677819,499322.611733023,План,0
2022-11-30,ИМ,ПТМ,76290.6969798355,40815.522884212,План,0
2022-11-30,ИМ,Salamander,133508.719714712,79704.7056696831,План,0
2022-11-01,Вайлдберриз,Salamander,109,904603.9,Прогноз,652202.59
2022-11-01,Вайлдберриз,Thomas Munz,663,2726762.35,Прогноз,1753160.01
2022-11-01,ИМ,Salamander,16,132065,Прогноз,88501.38
2022-11-01,ИМ,Thomas Munz,197,919864,Прогноз,564301.86
2022-11-01,ИМ,ПТМ,17,109611,Прогноз,60760.87
2022-11-01,Ламода,Salamander,91,707293,Прогноз,475384.36
2022-11-01,Ламода,Thomas Munz,591,2768631,Прогноз,1793415.57
2022-11-01,Ламода,ПТМ,56,373200,Прогноз,230035.12
2022-11-01,ОЗОН,Salamander,3,18924,Прогноз,12103.35
2022-11-01,ОЗОН,Thomas Munz,87,404495,Прогноз,256528.84
2022-11-02,Вайлдберриз,Salamander,72,609283.5,Прогноз,443942.48
2022-11-02,Вайлдберриз,Thomas Munz,660,2649050.85,Прогноз,1695225.7
2022-11-02,ИМ,Salamander,19,131420,Прогноз,88648.72
2022-11-02,ИМ,Thomas Munz,166,777570,Прогноз,469022.08
2022-11-02,ИМ,ПТМ,17,101278,Прогноз,54861.19
2022-11-02,Ламода,Salamander,179,1444510,Прогноз,1002238.82
2022-11-02,Ламода,Thomas Munz,1048,4915355,Прогноз,3181095.19
2022-11-02,Ламода,ПТМ,110,746420,Прогноз,455301.26
2022-11-02,ОЗОН,Salamander,4,17914,Прогноз,10637.81
2022-11-02,ОЗОН,Thomas Munz,103,457578,Прогноз,287322.07
2022-11-03,Вайлдберриз,Salamander,98,867477.9,Прогноз,631285.48
2022-11-03,Вайлдберриз,Thomas Munz,678,2825750.01,Прогноз,1813548.25
2022-11-03,ИМ,Salamander,11,83644,Прогноз,59928.15
2022-11-03,ИМ,Thomas Munz,155,767299,Прогноз,470982.17
2022-11-03,ИМ,ПТМ,8,52181,Прогноз,29720.11
2022-11-03,Ламода,Salamander,142,1157292,Прогноз,799925.36
2022-11-03,Ламода,Thomas Munz,774,3620046,Прогноз,2339837.7
2022-11-03,Ламода,ПТМ,92,619890,Прогноз,380598.93
2022-11-03,ОЗОН,Salamander,8,44950,Прогноз,27292.42
2022-11-03,ОЗОН,Thomas Munz,97,453895,Прогноз,282848.3
2022-11-04,Вайлдберриз,Salamander,93,831777.3,Прогноз,612410.98
2022-11-04,Вайлдберриз,Thomas Munz,597,2487174.35,Прогноз,1598388.41
2022-11-04,ИМ,Salamander,6,37696,Прогноз,23230.76
2022-11-04,ИМ,Thomas Munz,146,706528,Прогноз,434887.88
2022-11-04,ИМ,ПТМ,12,62058,Прогноз,33016.21
2022-11-04,Ламода,Salamander,153,1268482,Прогноз,889904.01
2022-11-04,Ламода,Thomas Munz,886,4285914,Прогноз,2766930.01
2022-11-04,Ламода,ПТМ,103,706502,Прогноз,431901.4
2022-11-04,ОЗОН,Salamander,1,990,Прогноз,752
2022-11-04,ОЗОН,Thomas Munz,82,346643,Прогноз,221790.55
2022-11-05,Вайлдберриз,Salamander,89,810742.9,Прогноз,593596.18
2022-11-05,Вайлдберриз,Thomas Munz,546,2304952.17,Прогноз,1469329.82
2022-11-05,ИМ,Salamander,11,75042,Прогноз,51976.32
2022-11-05,ИМ,Thomas Munz,123,603604,Прогноз,374821.2
2022-11-05,ИМ,ПТМ,8,44027,Прогноз,22845.92
2022-11-05,Ламода,Salamander,141,1165994,Прогноз,797294.88
2022-11-05,Ламода,Thomas Munz,904,4364106,Прогноз,2814619.96
2022-11-05,Ламода,ПТМ,84,591914,Прогноз,358784.66
2022-11-05,ОЗОН,Salamander,4,25187,Прогноз,16844.54
2022-11-05,ОЗОН,Thomas Munz,110,480847,Прогноз,292256.07
2022-11-06,Вайлдберриз,Salamander,77,723758.4,Прогноз,521234.39
2022-11-06,Вайлдберриз,Thomas Munz,654,2665507.61,Прогноз,1683388.71
2022-11-06,ИМ,Salamander,11,86387,Прогноз,60950.99
2022-11-06,ИМ,Thomas Munz,131,666656,Прогноз,417062.64
2022-11-06,ИМ,ПТМ,7,42424,Прогноз,23011.74
2022-11-06,Ламода,Salamander,162,1364884,Прогноз,950335.38
2022-11-06,Ламода,Thomas Munz,894,4389116,Прогноз,2815514.07
2022-11-06,Ламода,ПТМ,103,738496,Прогноз,450831.34
2022-11-06,ОЗОН,Salamander,3,16197,Прогноз,9981.5
2022-11-06,ОЗОН,Thomas Munz,152,632043,Прогноз,383019.82
2022-11-07,Вайлдберриз,Salamander,96,880437.4,Прогноз,648193.08
2022-11-07,Вайлдберриз,Thomas Munz,696,2853783.38,Прогноз,1815097.22
2022-11-07,ИМ,Salamander,13,105816,Прогноз,75185.85
2022-11-07,ИМ,Thomas Munz,120,609669,Прогноз,372533.24
2022-11-07,ИМ,ПТМ,9,57327,Прогноз,31829.93
2022-11-07,Ламода,Salamander,143,1188578,Прогноз,831524.66
2022-11-07,Ламода,Thomas Munz,834,4017646,Прогноз,2596523.97
2022-11-07,Ламода,ПТМ,95,651230,Прогноз,400685.46
2022-11-07,ОЗОН,Salamander,2,5829,Прогноз,3588.2
2022-11-07,ОЗОН,Thomas Munz,148,595854,Прогноз,361758.29
2022-11-08,Вайлдберриз,Salamander,87,781815.2,Прогноз,564946.94
2022-11-08,Вайлдберриз,Thomas Munz,631,2623077.63,Прогноз,1681314.37
2022-11-08,ИМ,Salamander,5,37406,Прогноз,24784.26
2022-11-08,ИМ,Thomas Munz,108,482800,Прогноз,294783.4
2022-11-08,ИМ,ПТМ,10,61837,Прогноз,33613.79
2022-11-08,Ламода,Salamander,187,1516334,Прогноз,1049269.89
2022-11-08,Ламода,Thomas Munz,925,4578941,Прогноз,2954501.88
2022-11-08,Ламода,ПТМ,77,547110,Прогноз,338957.32
2022-11-08,ОЗОН,Salamander,0,500,Прогноз,187.81
2022-11-08,ОЗОН,Thomas Munz,107,405193,Прогноз,245788.16
2022-11-09,Вайлдберриз,Salamander,66,582529.2,Прогноз,426111.49
2022-11-09,Вайлдберриз,Thomas Munz,545,2258006.02,Прогноз,1440023.89
2022-11-09,ИМ,Salamander,10,76801,Прогноз,55854.57
2022-11-09,ИМ,Thomas Munz,181,928793,Прогноз,583630.53
2022-11-09,ИМ,ПТМ,16,101112,Прогноз,57172.27
2022-11-09,Ламода,Salamander,206,1670756,Прогноз,1165022.83
2022-11-09,Ламода,Thomas Munz,950,4540912,Прогноз,2932148.21
2022-11-09,Ламода,ПТМ,74,529080,Прогноз,325309.83
2022-11-09,ОЗОН,Salamander,5,28450,Прогноз,18556.37
2022-11-09,ОЗОН,Thomas Munz,131,526468,Прогноз,320479.42
2022-11-10,Вайлдберриз,Salamander,68,592323.4,Прогноз,426788.88
2022-11-10,Вайлдберриз,Thomas Munz,501,1930069.15,Прогноз,1205716.52
2022-11-10,ИМ,Salamander,8,61810,Прогноз,42578.96
2022-11-10,ИМ,Thomas Munz,83,419272,Прогноз,259397.8
2022-11-10,ИМ,ПТМ,8,49362,Прогноз,25798.07
2022-11-10,Ламода,Salamander,214,1738604,Прогноз,1211900.57
2022-11-10,Ламода,Thomas Munz,951,4594269,Прогноз,2981838.09
2022-11-10,Ламода,ПТМ,93,648030,Прогноз,397723.68
2022-11-10,ОЗОН,Salamander,0,0,Прогноз,62.1
2022-11-10,ОЗОН,Thomas Munz,133,556858,Прогноз,331178.16
2022-11-11,Вайлдберриз,Salamander,68,533129,Прогноз,374038.79
2022-11-11,Вайлдберриз,Thomas Munz,448,1691705.24,Прогноз,1030673.14
2022-11-11,ИМ,Salamander,9,72425,Прогноз,50556.93
2022-11-11,ИМ,Thomas Munz,125,576989.5,Прогноз,345225.83
2022-11-11,ИМ,ПТМ,11,71017.5,Прогноз,39212.61
2022-11-11,Ламода,Salamander,166,1314556,Прогноз,916193.4
2022-11-11,Ламода,Thomas Munz,1022,5001930,Прогноз,3230258.87
2022-11-11,Ламода,ПТМ,93,664170,Прогноз,405772.38
2022-11-11,ОЗОН,Salamander,2,10480,Прогноз,6074.37
2022-11-11,ОЗОН,Thomas Munz,71,312265,Прогноз,192600.27
2022-11-12,Вайлдберриз,Salamander,80,582999.52,Прогноз,391376.53
2022-11-12,Вайлдберриз,Thomas Munz,667,2384756.83,Прогноз,1337998.48
2022-11-12,ИМ,Salamander,12,83842,Прогноз,53900.43
2022-11-12,ИМ,Thomas Munz,182,923744,Прогноз,571020.41
2022-11-12,ИМ,ПТМ,12,68340,Прогноз,36182.61
2022-11-12,Ламода,Salamander,246,1988776,Прогноз,1373655.93
2022-11-12,Ламода,Thomas Munz,1130,5496432,Прогноз,3577399.39
2022-11-12,Ламода,ПТМ,91,648950,Прогноз,399606.28
2022-11-12,ОЗОН,Salamander,3,18046,Прогноз,10468.77
2022-11-12,ОЗОН,Thomas Munz,122,475699,Прогноз,285311.34
2022-11-13,Вайлдберриз,Salamander,133,833523.6,Прогноз,527285.39
2022-11-13,Вайлдберриз,Thomas Munz,751,2424054.28,Прогноз,1252564.6
2022-11-13,ИМ,Salamander,15,90850,Прогноз,54824.64
2022-11-13,ИМ,Thomas Munz,160,780873,Прогноз,481809.62
2022-11-13,ИМ,ПТМ,5,30052,Прогноз,17084.58
2022-11-13,Ламода,Salamander,220,1709516,Прогноз,1169330.16
2022-11-13,Ламода,Thomas Munz,1122,5441749,Прогноз,3527407.08
2022-11-13,Ламода,ПТМ,120,841133,Прогноз,520974.35
2022-11-13,ОЗОН,Salamander,9,56586,Прогноз,34146.88
2022-11-13,ОЗОН,Thomas Munz,224,865177,Прогноз,503459.44
2022-11-14,Вайлдберриз,Salamander,167,1347664.9,Прогноз,927203.54
2022-11-14,Вайлдберриз,Thomas Munz,1020,3679066.4,Прогноз,2144337.59
2022-11-14,ИМ,Salamander,19,113051,Прогноз,73087.66
2022-11-14,ИМ,Thomas Munz,173,774542,Прогноз,470877.74
2022-11-14,ИМ,ПТМ,9,55501,Прогноз,30521.98
2022-11-14,Ламода,Salamander,240,1844623,Прогноз,1264201.23
2022-11-14,Ламода,Thomas Munz,954,4569008,Прогноз,2994883.56
2022-11-14,Ламода,ПТМ,99,712690,Прогноз,437947.17
2022-11-14,ОЗОН,Salamander,5,34999,Прогноз,22342.13
2022-11-14,ОЗОН,Thomas Munz,206,822628,Прогноз,475071.08
2022-11-15,Вайлдберриз,Salamander,163,1274324.1,Прогноз,893978.5
2022-11-15,Вайлдберриз,Thomas Munz,1141,4084629.24,Прогноз,2391385.37
2022-11-15,ИМ,Salamander,27,158946,Прогноз,99528.85
2022-11-15,ИМ,Thomas Munz,149,740946,Прогноз,451086.75
2022-11-15,ИМ,ПТМ,10,56814,Прогноз,28469.48
2022-11-15,Ламода,Salamander,255,1828586,Прогноз,1220553.86
2022-11-15,Ламода,Thomas Munz,1109,5305191,Прогноз,3467707.69
2022-11-15,Ламода,ПТМ,90,626220,Прогноз,384127.16
2022-11-15,ОЗОН,Salamander,7,32572,Прогноз,20672.46
2022-11-15,ОЗОН,Thomas Munz,162,642209,Прогноз,376840.48
2022-11-16,Вайлдберриз,Salamander,161,1274767.6,Прогноз,885063.89
2022-11-16,Вайлдберриз,Thomas Munz,972,3615175.21,Прогноз,2120252.83
2022-11-16,ИМ,Salamander,18,103526,Прогноз,67357.56
2022-11-16,ИМ,Thomas Munz,168,810417,Прогноз,493744.42
2022-11-16,ИМ,ПТМ,13,81931,Прогноз,44626.36
2022-11-16,Ламода,Salamander,261,1938698,Прогноз,1320283.44
2022-11-16,Ламода,Thomas Munz,1060,5185076,Прогноз,3399618.84
2022-11-16,Ламода,ПТМ,84,590420,Прогноз,362039.15
2022-11-16,ОЗОН,Salamander,9,59841,Прогноз,35323.82
2022-11-16,ОЗОН,Thomas Munz,199,770345,Прогноз,440384.25
2022-11-17,Вайлдберриз,Salamander,143,1130933,Прогноз,792944.94
2022-11-17,Вайлдберриз,Thomas Munz,796,3021201.77,Прогноз,1781075.53
2022-11-17,ИМ,Salamander,13,100672,Прогноз,68720.71
2022-11-17,ИМ,Thomas Munz,171,791557,Прогноз,492230.85
2022-11-17,ИМ,ПТМ,15,80223,Прогноз,45314.22
2022-11-17,Ламода,Salamander,252,1813600,Прогноз,1213144.19
2022-11-17,Ламода,Thomas Munz,953,4534077,Прогноз,2963271.41
2022-11-17,Ламода,ПТМ,75,532160,Прогноз,327791.12
2022-11-17,ОЗОН,Salamander,8,53508,Прогноз,32904.24
2022-11-17,ОЗОН,Thomas Munz,202,784324,Прогноз,449083.81
2022-11-18,Вайлдберриз,Salamander,,,Прогноз,
2022-11-18,Вайлдберриз,Thomas Munz,,,Прогноз,
2022-11-18,ИМ,Salamander,,,Прогноз,
2022-11-18,ИМ,Thomas Munz,,,Прогноз,
2022-11-18,ИМ,ПТМ,,,Прогноз,
2022-11-18,Ламода,Salamander,,,Прогноз,
2022-11-18,Ламода,Thomas Munz,,,Прогноз,
2022-11-18,Ламода,ПТМ,,,Прогноз,
2022-11-18,ОЗОН,Salamander,,,Прогноз,
2022-11-18,ОЗОН,Thomas Munz,,,Прогноз,
2022-11-19,Вайлдберриз,Salamander,,,Прогноз,
2022-11-19,Вайлдберриз,Thomas Munz,,,Прогноз,
2022-11-19,ИМ,Salamander,,,Прогноз,
2022-11-19,ИМ,Thomas Munz,,,Прогноз,
2022-11-19,ИМ,ПТМ,,,Прогноз,
2022-11-19,Ламода,Salamander,,,Прогноз,
2022-11-19,Ламода,Thomas Munz,,,Прогноз,
2022-11-19,Ламода,ПТМ,,,Прогноз,
2022-11-19,ОЗОН,Salamander,,,Прогноз,
2022-11-19,ОЗОН,Thomas Munz,,,Прогноз,
2022-11-20,Вайлдберриз,Salamander,,,Прогноз,
2022-11-20,Вайлдберриз,Thomas Munz,,,Прогноз,
2022-11-20,ИМ,Salamander,,,Прогноз,
2022-11-20,ИМ,Thomas Munz,,,Прогноз,
2022-11-20,ИМ,ПТМ,,,Прогноз,
2022-11-20,Ламода,Salamander,,,Прогноз,
2022-11-20,Ламода,Thomas Munz,,,Прогноз,
2022-11-20,Ламода,ПТМ,,,Прогноз,
2022-11-20,ОЗОН,Salamander,,,Прогноз,
2022-11-20,ОЗОН,Thomas Munz,,,Прогноз,
2022-11-21,Вайлдберриз,Salamander,,,Прогноз,
2022-11-21,Вайлдберриз,Thomas Munz,,,Прогноз,
2022-11-21,ИМ,Salamander,,,Прогноз,
2022-11-21,ИМ,Thomas Munz,,,Прогноз,
2022-11-21,ИМ,ПТМ,,,Прогноз,
2022-11-21,Ламода,Salamander,,,Прогноз,
2022-11-21,Ламода,Thomas Munz,,,Прогноз,
2022-11-21,Ламода,ПТМ,,,Прогноз,
2022-11-21,ОЗОН,Salamander,,,Прогноз,
2022-11-21,ОЗОН,Thomas Munz,,,Прогноз,
2022-11-22,Вайлдберриз,Salamander,,,Прогноз,
2022-11-22,Вайлдберриз,Thomas Munz,,,Прогноз,
2022-11-22,ИМ,Salamander,,,Прогноз,
2022-11-22,ИМ,Thomas Munz,,,Прогноз,
2022-11-22,ИМ,ПТМ,,,Прогноз,
2022-11-22,Ламода,Salamander,,,Прогноз,
2022-11-22,Ламода,Thomas Munz,,,Прогноз,
2022-11-22,Ламода,ПТМ,,,Прогноз,
2022-11-22,ОЗОН,Salamander,,,Прогноз,
2022-11-22,ОЗОН,Thomas Munz,,,Прогноз,
2022-11-23,Вайлдберриз,Salamander,,,Прогноз,
2022-11-23,Вайлдберриз,Thomas Munz,,,Прогноз,
2022-11-23,ИМ,Salamander,,,Прогноз,
2022-11-23,ИМ,Thomas Munz,,,Прогноз,
2022-11-23,ИМ,ПТМ,,,Прогноз,
2022-11-23,Ламода,Salamander,,,Прогноз,
2022-11-23,Ламода,Thomas Munz,,,Прогноз,
2022-11-23,Ламода,ПТМ,,,Прогноз,
2022-11-23,ОЗОН,Salamander,,,Прогноз,
2022-11-23,ОЗОН,Thomas Munz,,,Прогноз,
2022-11-24,Вайлдберриз,Salamander,,,Прогноз,
2022-11-24,Вайлдберриз,Thomas Munz,,,Прогноз,
2022-11-24,ИМ,Salamander,,,Прогноз,
2022-11-24,ИМ,Thomas Munz,,,Прогноз,
2022-11-24,ИМ,ПТМ,,,Прогноз,
2022-11-24,Ламода,Salamander,,,Прогноз,
2022-11-24,Ламода,Thomas Munz,,,Прогноз,
2022-11-24,Ламода,ПТМ,,,Прогноз,
2022-11-24,ОЗОН,Salamander,,,Прогноз,
2022-11-24,ОЗОН,Thomas Munz,,,Прогноз,
2022-11-25,Вайлдберриз,Salamander,104.117647058824,856593.577647059,Прогноз,606623.768823529
2022-11-25,Вайлдберриз,Thomas Munz,703.882352941177,2719101.32294118,Прогноз,1659616.49647059
2022-11-25,ИМ,Salamander,13.1176470588235,91258.7647058824,Прогноз,61153.9258823529
2022-11-25,ИМ,Thomas Munz,149.294117647059,722419.029411765,Прогноз,443965.789411765
2022-11-25,ИМ,ПТМ,11,66182.0882352941,Прогноз,36120.1141176471
2022-11-25,Ламода,Salamander,191.647058823529,1509475.41176471,Прогноз,1038244.88058824
2022-11-25,Ламода,Thomas Munz,947.470588235294,4565199.94117647,Прогноз,2960998.32294118
2022-11-25,Ламода,ПТМ,90.5294117647059,633389.117647059,Прогноз,388728.624117647
2022-11-25,ОЗОН,Salamander,4.29411764705882,24998.4117647059,Прогноз,15408.1629411765
2022-11-25,ОЗОН,Thomas Munz,137.411764705882,560736.529411765,Прогноз,335630.608823529
2022-11-26,Вайлдберриз,Salamander,104.117647058824,856593.577647059,Прогноз,606623.768823529
2022-11-26,Вайлдберриз,Thomas Munz,703.882352941177,2719101.32294118,Прогноз,1659616.49647059
2022-11-26,ИМ,Salamander,13.1176470588235,91258.7647058824,Прогноз,61153.9258823529
2022-11-26,ИМ,Thomas Munz,149.294117647059,722419.029411765,Прогноз,443965.789411765
2022-11-26,ИМ,ПТМ,11,66182.0882352941,Прогноз,36120.1141176471
2022-11-26,Ламода,Salamander,191.647058823529,1509475.41176471,Прогноз,1038244.88058824
2022-11-26,Ламода,Thomas Munz,947.470588235294,4565199.94117647,Прогноз,2960998.32294118
2022-11-26,Ламода,ПТМ,90.5294117647059,633389.117647059,Прогноз,388728.624117647
2022-11-26,ОЗОН,Salamander,4.29411764705882,24998.4117647059,Прогноз,15408.1629411765
2022-11-26,ОЗОН,Thomas Munz,137.411764705882,560736.529411765,Прогноз,335630.608823529
2022-11-27,Вайлдберриз,Salamander,104.117647058824,856593.577647059,Прогноз,606623.768823529
2022-11-27,Вайлдберриз,Thomas Munz,703.882352941177,2719101.32294118,Прогноз,1659616.49647059
2022-11-27,ИМ,Salamander,13.1176470588235,91258.7647058824,Прогноз,61153.9258823529
2022-11-27,ИМ,Thomas Munz,149.294117647059,722419.029411765,Прогноз,443965.789411765
2022-11-27,ИМ,ПТМ,11,66182.0882352941,Прогноз,36120.1141176471
2022-11-27,Ламода,Salamander,191.647058823529,1509475.41176471,Прогноз,1038244.88058824
2022-11-27,Ламода,Thomas Munz,947.470588235294,4565199.94117647,Прогноз,2960998.32294118
2022-11-27,Ламода,ПТМ,90.5294117647059,633389.117647059,Прогноз,388728.624117647
2022-11-27,ОЗОН,Salamander,4.29411764705882,24998.4117647059,Прогноз,15408.1629411765
2022-11-27,ОЗОН,Thomas Munz,137.411764705882,560736.529411765,Прогноз,335630.608823529
2022-11-28,Вайлдберриз,Salamander,104.117647058824,856593.577647059,Прогноз,606623.768823529
2022-11-28,Вайлдберриз,Thomas Munz,703.882352941177,2719101.32294118,Прогноз,1659616.49647059
2022-11-28,ИМ,Salamander,13.1176470588235,91258.7647058824,Прогноз,61153.9258823529
2022-11-28,ИМ,Thomas Munz,149.294117647059,722419.029411765,Прогноз,443965.789411765
2022-11-28,ИМ,ПТМ,11,66182.0882352941,Прогноз,36120.1141176471
2022-11-28,Ламода,Salamander,191.647058823529,1509475.41176471,Прогноз,1038244.88058824
2022-11-28,Ламода,Thomas Munz,947.470588235294,4565199.94117647,Прогноз,2960998.32294118
2022-11-28,Ламода,ПТМ,90.5294117647059,633389.117647059,Прогноз,388728.624117647
2022-11-28,ОЗОН,Salamander,4.29411764705882,24998.4117647059,Прогноз,15408.1629411765
2022-11-28,ОЗОН,Thomas Munz,137.411764705882,560736.529411765,Прогноз,335630.608823529
2022-11-29,Вайлдберриз,Salamander,104.117647058824,856593.577647059,Прогноз,606623.768823529
2022-11-29,Вайлдберриз,Thomas Munz,703.882352941177,2719101.32294118,Прогноз,1659616.49647059
2022-11-29,ИМ,Salamander,13.1176470588235,91258.7647058824,Прогноз,61153.9258823529
2022-11-29,ИМ,Thomas Munz,149.294117647059,722419.029411765,Прогноз,443965.789411765
2022-11-29,ИМ,ПТМ,11,66182.0882352941,Прогноз,36120.1141176471
2022-11-29,Ламода,Salamander,191.647058823529,1509475.41176471,Прогноз,1038244.88058824
2022-11-29,Ламода,Thomas Munz,947.470588235294,4565199.94117647,Прогноз,2960998.32294118
2022-11-29,Ламода,ПТМ,90.5294117647059,633389.117647059,Прогноз,388728.624117647
2022-11-29,ОЗОН,Salamander,4.29411764705882,24998.4117647059,Прогноз,15408.1629411765
2022-11-29,ОЗОН,Thomas Munz,137.411764705882,560736.529411765,Прогноз,335630.608823529
2022-11-30,Вайлдберриз,Salamander,104.117647058824,856593.577647059,Прогноз,606623.768823529
2022-11-30,Вайлдберриз,Thomas Munz,703.882352941177,2719101.32294118,Прогноз,1659616.49647059
2022-11-30,ИМ,Salamander,13.1176470588235,91258.7647058824,Прогноз,61153.9258823529
2022-11-30,ИМ,Thomas Munz,149.294117647059,722419.029411765,Прогноз,443965.789411765
2022-11-30,ИМ,ПТМ,11,66182.0882352941,Прогноз,36120.1141176471
2022-11-30,Ламода,Salamander,191.647058823529,1509475.41176471,Прогноз,1038244.88058824
2022-11-30,Ламода,Thomas Munz,947.470588235294,4565199.94117647,Прогноз,2960998.32294118
2022-11-30,Ламода,ПТМ,90.5294117647059,633389.117647059,Прогноз,388728.624117647
2022-11-30,ОЗОН,Salamander,4.29411764705882,24998.4117647059,Прогноз,15408.1629411765
2022-11-30,ОЗОН,Thomas Munz,137.411764705882,560736.529411765,Прогноз,335630.608823529
2022-11-01,Вайлдберриз,Salamander,904603.9,109,Факт,652202.59
2022-11-01,Вайлдберриз,Thomas Munz,2726762.35,663,Факт,1753160.01
2022-11-01,ИМ,Salamander,132065,16,Факт,88501.38
2022-11-01,ИМ,Thomas Munz,919864,197,Факт,564301.86
2022-11-01,ИМ,ПТМ,109611,17,Факт,60760.87
2022-11-01,Ламода,Salamander,707293,91,Факт,475384.36
2022-11-01,Ламода,Thomas Munz,2768631,591,Факт,1793415.57
2022-11-01,Ламода,ПТМ,373200,56,Факт,230035.12
2022-11-01,ОЗОН,Salamander,18924,3,Факт,12103.35
2022-11-01,ОЗОН,Thomas Munz,404495,87,Факт,256528.84
2022-11-02,Вайлдберриз,Salamander,609283.5,72,Факт,443942.48
2022-11-02,Вайлдберриз,Thomas Munz,2649050.85,660,Факт,1695225.7
2022-11-02,ИМ,Salamander,131420,19,Факт,88648.72
2022-11-02,ИМ,Thomas Munz,777570,166,Факт,469022.08
2022-11-02,ИМ,ПТМ,101278,17,Факт,54861.19
2022-11-02,Ламода,Salamander,1444510,179,Факт,1002238.82
2022-11-02,Ламода,Thomas Munz,4915355,1048,Факт,3181095.19
2022-11-02,Ламода,ПТМ,746420,110,Факт,455301.26
2022-11-02,ОЗОН,Salamander,17914,4,Факт,10637.81
2022-11-02,ОЗОН,Thomas Munz,457578,103,Факт,287322.07
2022-11-03,Вайлдберриз,Salamander,867477.9,98,Факт,631285.48
2022-11-03,Вайлдберриз,Thomas Munz,2825750.01,678,Факт,1813548.25
2022-11-03,ИМ,Salamander,83644,11,Факт,59928.15
2022-11-03,ИМ,Thomas Munz,767299,155,Факт,470982.17
2022-11-03,ИМ,ПТМ,52181,8,Факт,29720.11
2022-11-03,Ламода,Salamander,1157292,142,Факт,799925.36
2022-11-03,Ламода,Thomas Munz,3620046,774,Факт,2339837.7
2022-11-03,Ламода,ПТМ,619890,92,Факт,380598.93
2022-11-03,ОЗОН,Salamander,44950,8,Факт,27292.42
2022-11-03,ОЗОН,Thomas Munz,453895,97,Факт,282848.3
2022-11-04,Вайлдберриз,Salamander,831777.3,93,Факт,612410.98
2022-11-04,Вайлдберриз,Thomas Munz,2487174.35,597,Факт,1598388.41
2022-11-04,ИМ,Salamander,37696,6,Факт,23230.76
2022-11-04,ИМ,Thomas Munz,706528,146,Факт,434887.88
2022-11-04,ИМ,ПТМ,62058,12,Факт,33016.21
2022-11-04,Ламода,Salamander,1268482,153,Факт,889904.01
2022-11-04,Ламода,Thomas Munz,4285914,886,Факт,2766930.01
2022-11-04,Ламода,ПТМ,706502,103,Факт,431901.4
2022-11-04,ОЗОН,Salamander,990,1,Факт,752
2022-11-04,ОЗОН,Thomas Munz,346643,82,Факт,221790.55
2022-11-05,Вайлдберриз,Salamander,810742.9,89,Факт,593596.18
2022-11-05,Вайлдберриз,Thomas Munz,2304952.17,546,Факт,1469329.82
2022-11-05,ИМ,Salamander,75042,11,Факт,51976.32
2022-11-05,ИМ,Thomas Munz,603604,123,Факт,374821.2
2022-11-05,ИМ,ПТМ,44027,8,Факт,22845.92
2022-11-05,Ламода,Salamander,1165994,141,Факт,797294.88
2022-11-05,Ламода,Thomas Munz,4364106,904,Факт,2814619.96
2022-11-05,Ламода,ПТМ,591914,84,Факт,358784.66
2022-11-05,ОЗОН,Salamander,25187,4,Факт,16844.54
2022-11-05,ОЗОН,Thomas Munz,480847,110,Факт,292256.07
2022-11-06,Вайлдберриз,Salamander,723758.4,77,Факт,521234.39
2022-11-06,Вайлдберриз,Thomas Munz,2665507.61,654,Факт,1683388.71
2022-11-06,ИМ,Salamander,86387,11,Факт,60950.99
2022-11-06,ИМ,Thomas Munz,666656,131,Факт,417062.64
2022-11-06,ИМ,ПТМ,42424,7,Факт,23011.74
2022-11-06,Ламода,Salamander,1364884,162,Факт,950335.38
2022-11-06,Ламода,Thomas Munz,4389116,894,Факт,2815514.07
2022-11-06,Ламода,ПТМ,738496,103,Факт,450831.34
2022-11-06,ОЗОН,Salamander,16197,3,Факт,9981.5
2022-11-06,ОЗОН,Thomas Munz,632043,152,Факт,383019.82
2022-11-07,Вайлдберриз,Salamander,880437.4,96,Факт,648193.08
2022-11-07,Вайлдберриз,Thomas Munz,2853783.38,696,Факт,1815097.22
2022-11-07,ИМ,Salamander,105816,13,Факт,75185.85
2022-11-07,ИМ,Thomas Munz,609669,120,Факт,372533.24
2022-11-07,ИМ,ПТМ,57327,9,Факт,31829.93
2022-11-07,Ламода,Salamander,1188578,143,Факт,831524.66
2022-11-07,Ламода,Thomas Munz,4017646,834,Факт,2596523.97
2022-11-07,Ламода,ПТМ,651230,95,Факт,400685.46
2022-11-07,ОЗОН,Salamander,5829,2,Факт,3588.2
2022-11-07,ОЗОН,Thomas Munz,595854,148,Факт,361758.29
2022-11-08,Вайлдберриз,Salamander,781815.2,87,Факт,564946.94
2022-11-08,Вайлдберриз,Thomas Munz,2623077.63,631,Факт,1681314.37
2022-11-08,ИМ,Salamander,37406,5,Факт,24784.26
2022-11-08,ИМ,Thomas Munz,482800,108,Факт,294783.4
2022-11-08,ИМ,ПТМ,61837,10,Факт,33613.79
2022-11-08,Ламода,Salamander,1516334,187,Факт,1049269.89
2022-11-08,Ламода,Thomas Munz,4578941,925,Факт,2954501.88
2022-11-08,Ламода,ПТМ,547110,77,Факт,338957.32
2022-11-08,ОЗОН,Salamander,500,0,Факт,187.81
2022-11-08,ОЗОН,Thomas Munz,405193,107,Факт,245788.16
2022-11-09,Вайлдберриз,Salamander,582529.2,66,Факт,426111.49
2022-11-09,Вайлдберриз,Thomas Munz,2258006.02,545,Факт,1440023.89
2022-11-09,ИМ,Salamander,76801,10,Факт,55854.57
2022-11-09,ИМ,Thomas Munz,928793,181,Факт,583630.53
2022-11-09,ИМ,ПТМ,101112,16,Факт,57172.27
2022-11-09,Ламода,Salamander,1670756,206,Факт,1165022.83
2022-11-09,Ламода,Thomas Munz,4540912,950,Факт,2932148.21
2022-11-09,Ламода,ПТМ,529080,74,Факт,325309.83
2022-11-09,ОЗОН,Salamander,28450,5,Факт,18556.37
2022-11-09,ОЗОН,Thomas Munz,526468,131,Факт,320479.42
2022-11-10,Вайлдберриз,Salamander,592323.4,68,Факт,426788.88
2022-11-10,Вайлдберриз,Thomas Munz,1930069.15,501,Факт,1205716.52
2022-11-10,ИМ,Salamander,61810,8,Факт,42578.96
2022-11-10,ИМ,Thomas Munz,419272,83,Факт,259397.8
2022-11-10,ИМ,ПТМ,49362,8,Факт,25798.07
2022-11-10,Ламода,Salamander,1738604,214,Факт,1211900.57
2022-11-10,Ламода,Thomas Munz,4594269,951,Факт,2981838.09
2022-11-10,Ламода,ПТМ,648030,93,Факт,397723.68
2022-11-10,ОЗОН,Salamander,0,0,Факт,62.1
2022-11-10,ОЗОН,Thomas Munz,556858,133,Факт,331178.16
2022-11-11,Вайлдберриз,Salamander,533129,68,Факт,374038.79
2022-11-11,Вайлдберриз,Thomas Munz,1691705.24,448,Факт,1030673.14
2022-11-11,ИМ,Salamander,72425,9,Факт,50556.93
2022-11-11,ИМ,Thomas Munz,576989.5,125,Факт,345225.83
2022-11-11,ИМ,ПТМ,71017.5,11,Факт,39212.61
2022-11-11,Ламода,Salamander,1314556,166,Факт,916193.4
2022-11-11,Ламода,Thomas Munz,5001930,1022,Факт,3230258.87
2022-11-11,Ламода,ПТМ,664170,93,Факт,405772.38
2022-11-11,ОЗОН,Salamander,10480,2,Факт,6074.37
2022-11-11,ОЗОН,Thomas Munz,312265,71,Факт,192600.27
2022-11-12,Вайлдберриз,Salamander,582999.52,80,Факт,391376.53
2022-11-12,Вайлдберриз,Thomas Munz,2384756.83,667,Факт,1337998.48
2022-11-12,ИМ,Salamander,83842,12,Факт,53900.43
2022-11-12,ИМ,Thomas Munz,923744,182,Факт,571020.41
2022-11-12,ИМ,ПТМ,68340,12,Факт,36182.61
2022-11-12,Ламода,Salamander,1988776,246,Факт,1373655.93
2022-11-12,Ламода,Thomas Munz,5496432,1130,Факт,3577399.39
2022-11-12,Ламода,ПТМ,648950,91,Факт,399606.28
2022-11-12,ОЗОН,Salamander,18046,3,Факт,10468.77
2022-11-12,ОЗОН,Thomas Munz,475699,122,Факт,285311.34
2022-11-13,Вайлдберриз,Salamander,833523.6,133,Факт,527285.39
2022-11-13,Вайлдберриз,Thomas Munz,2424054.28,751,Факт,1252564.6
2022-11-13,ИМ,Salamander,90850,15,Факт,54824.64
2022-11-13,ИМ,Thomas Munz,780873,160,Факт,481809.62
2022-11-13,ИМ,ПТМ,30052,5,Факт,17084.58
2022-11-13,Ламода,Salamander,1709516,220,Факт,1169330.16
2022-11-13,Ламода,Thomas Munz,5441749,1122,Факт,3527407.08
2022-11-13,Ламода,ПТМ,841133,120,Факт,520974.35
2022-11-13,ОЗОН,Salamander,56586,9,Факт,34146.88
2022-11-13,ОЗОН,Thomas Munz,865177,224,Факт,503459.44
2022-11-14,Вайлдберриз,Salamander,1347664.9,167,Факт,927203.54
2022-11-14,Вайлдберриз,Thomas Munz,3679066.4,1020,Факт,2144337.59
2022-11-14,ИМ,Salamander,113051,19,Факт,73087.66
2022-11-14,ИМ,Thomas Munz,774542,173,Факт,470877.74
2022-11-14,ИМ,ПТМ,55501,9,Факт,30521.98
2022-11-14,Ламода,Salamander,1844623,240,Факт,1264201.23
2022-11-14,Ламода,Thomas Munz,4569008,954,Факт,2994883.56
2022-11-14,Ламода,ПТМ,712690,99,Факт,437947.17
2022-11-14,ОЗОН,Salamander,34999,5,Факт,22342.13
2022-11-14,ОЗОН,Thomas Munz,822628,206,Факт,475071.08
2022-11-15,Вайлдберриз,Salamander,1274324.1,163,Факт,893978.5
2022-11-15,Вайлдберриз,Thomas Munz,4084629.24,1141,Факт,2391385.37
2022-11-15,ИМ,Salamander,158946,27,Факт,99528.85
2022-11-15,ИМ,Thomas Munz,740946,149,Факт,451086.75
2022-11-15,ИМ,ПТМ,56814,10,Факт,28469.48
2022-11-15,Ламода,Salamander,1828586,255,Факт,1220553.86
2022-11-15,Ламода,Thomas Munz,5305191,1109,Факт,3467707.69
2022-11-15,Ламода,ПТМ,626220,90,Факт,384127.16
2022-11-15,ОЗОН,Salamander,32572,7,Факт,20672.46
2022-11-15,ОЗОН,Thomas Munz,642209,162,Факт,376840.48
2022-11-16,Вайлдберриз,Salamander,1274767.6,161,Факт,885063.89
2022-11-16,Вайлдберриз,Thomas Munz,3615175.21,972,Факт,2120252.83
2022-11-16,ИМ,Salamander,103526,18,Факт,67357.56
2022-11-16,ИМ,Thomas Munz,810417,168,Факт,493744.42
2022-11-16,ИМ,ПТМ,81931,13,Факт,44626.36
2022-11-16,Ламода,Salamander,1938698,261,Факт,1320283.44
2022-11-16,Ламода,Thomas Munz,5185076,1060,Факт,3399618.84
2022-11-16,Ламода,ПТМ,590420,84,Факт,362039.15
2022-11-16,ОЗОН,Salamander,59841,9,Факт,35323.82
2022-11-16,ОЗОН,Thomas Munz,770345,199,Факт,440384.25
2022-11-17,Вайлдберриз,Salamander,1130933,143,Факт,792944.94
2022-11-17,Вайлдберриз,Thomas Munz,3021201.77,796,Факт,1781075.53
2022-11-17,ИМ,Salamander,100672,13,Факт,68720.71
2022-11-17,ИМ,Thomas Munz,791557,171,Факт,492230.85
2022-11-17,ИМ,ПТМ,80223,15,Факт,45314.22
2022-11-17,Ламода,Salamander,1813600,252,Факт,1213144.19
2022-11-17,Ламода,Thomas Munz,4534077,953,Факт,2963271.41
2022-11-17,Ламода,ПТМ,532160,75,Факт,327791.12
2022-11-17,ОЗОН,Salamander,53508,8,Факт,32904.24
2022-11-17,ОЗОН,Thomas Munz,784324,202,Факт,449083.81
